obat_id,label,nilai,urutan
151,Product Description,"Glycore Cream 10% adalah krim topikal yang mengandung Glycolic Acid dengan konsentrasi 10%. Krim ini dirancang untuk meremajakan kulit, dengan berbagai manfaat untuk perawatan kulit, termasuk pengobatan jerawat dan komponen anti-penuaan. Glycolic acid, yang termasuk dalam kelompok AHA (Alpha Hydroxy Acid), bekerja dengan cara mengangkat sel kulit mati, memperbaiki tekstur kulit, serta merangsang produksi kolagen, menjadikannya efektif dalam perawatan kulit yang lebih cerah dan lebih muda.",1
151,Indikasi Umum,Membantu mengatasi hiperpigmentasi dan bintik hitam pada kulit.,2
151,Komposisi,Glycolic Acid 10%.,3
151,Dosis,Oleskan tipis - tipis pada kulit.,4
151,Aturan Pakai,Dapat digunakan pagi dan malam hari.,5
151,Perhatian,"- Hindari olesan krim Glycore 10% dekat mata, mulut, dan membran mukosa lainnya.\n- Hindari kontak langsung dengan sinar matahari setelah pemakaian, karena dapat meningkatkan risiko iritasi kulit.",6
151,Kontra Indikasi,Hipersensitivitas (alergi) terhadap asam glikolat.,7
151,Efek Samping,"Mungkin terjadi kemerahan, gatal, dan iritasi, terutama pada kulit yang sensitif. Jika efek samping ini berlanjut atau memburuk, hentikan penggunaan dan konsultasikan dengan dokter.",8
151,Kemasan,Pot @ 10 Gram,9
151,Manufaktur,"Genero Pharmaceuticals, Pt",10
151,No. Registrasi,BPOM RI: NA18190105346,11
152,Product Description,Niacef adalah obat untuk mengobati acne vulgaris terutama bentuk inflamasi dengan pulpula dan pustula.,1
152,Indikasi Umum,Untuk mengobati acne vulgaris terutama bentuk inflamasi dengan pulpula dan pustula.,2
152,Komposisi,Niacinamide 4%,3
152,Dosis,Oleskan gel 2 x sehari,4
152,Aturan Pakai,Gel dioleskan pada jerawat/lesi-lesi peradangan setelah wajah dibersihkan.,5
152,Perhatian,"Hanya untuk pemakaian luar, hindarkan kontak dengan mata dan selaput lendir lainnya. Jika terjadi iritasi, kekeringan atau kulit kemerah-merahan yang berlebihan pengobatan dihentikan. Hati-hati diberikan pada wanita hamil terutama semester pertama.",6
152,Kontra Indikasi,Tidak digunakan terhadap orang yang sensitif terhadap Nikotinamid atau bahan lainnya yang terkandung didalamnya.,7
152,Efek Samping,"Dapat terjadi rasa panas atau rasa membakar. Dengan menggunakan bahan pembawa yang cocok , efek tersebut dapat dihindarkan. Jarang menimbulkan iritasi dan eritema, yang sering terjadi ialah kulit kering.",8
152,Kemasan,Tube @ 15 Gram,9
152,Manufaktur,Surya Dermato Medica Laboratories,10
152,No. Registrasi,BPOM: NA18240103644,11
153,Product Description,"Bedak Harum Sari adalah deodoran dalam bentuk bedak (powder) yang telah teruji secara klinis untuk melindungi tubuh dari bau badan hingga 24 jam. Dilengkapi dengan aroma parfum yang memberikan kesegaran dan keharuman sepanjang hari, serta Anti Bacterial Agent yang menghambat pertumbuhan bakteri di area ketiak hingga 100%. Selain itu, produk ini mengandung Menthol yang memberikan sensasi sejuk.",1
153,Indikasi Umum,#NAME?,2
153,Komposisi,"Talc, Aluminium Sulfate, Kaolin, Alcohol, Magnesium Carbonat, Zinc Oxide, Perfume, Propylene Glycol, Triclosan",3
153,Aturan Pakai,Taburkan pada area ketiak merata dan secukupnya 2x sehari setelah mandi atau saat diperlukan,4
153,Perhatian,"Hasil dapat bervariasi antara individu tergantung berbagai faktor seperti usia, genetik, pola hidup, dan lain sebaginya",5
153,Kemasan,Box @ 10 Sachet,6
153,Manufaktur,Air Mancur,7
153,No. Registrasi,BPOM RI : NA18190905036,8
154,Product Description,"Gel dengan kombinasi 4% Niacinamide yang memiliki 3-in-1 action: membantu merawat jerawat, menyamarkan noda hitam, dan menjaga skin barrier. Kandungan Sodium Hyaluronate membantu melembabkan kulit sehingga kulit tampak lebih cerah dan\nsehat.",1
154,Indikasi Umum,"Membantu merawat jerawat, menyamarkan noda hitam, dan menjaga skin barrier.",2
154,Komposisi,"Niacinamide 4%, Tranex Peptide Complex, Sodium Hyaluronate",3
154,Dosis,"Gunakan 2x sehari, pagi dan malam hari.",4
154,Aturan Pakai,"Oleskan tipis pada kulit yang bersih, terutama pada area berjerawat dan/atau noda hitam.",5
154,Perhatian,Hanya untuk pemakaian luar.,6
154,Kontra Indikasi,Hipersensitif.,7
154,Kemasan,Tube @ 1 Tube,8
154,Manufaktur,"Derma Expro Asia, Pt",9
154,No. Registrasi,BPOM RI: NA18250110033,10
155,Product Description,Glycore 8% merupakan krim kulit untuk mengatasi hiperpigmentasi dan membantu menyamarkan noda hitam pada wajah.,1
155,Indikasi Umum,"Mengatasi hiperpigmentasi dan noda hitam pada kulit, menjadikan kulit tampak lebih halus.",2
155,Komposisi,Glycolic Acid 8%.,3
155,Dosis,"Oles tipis, ratakan lapisan krim untuk membersihkan siang dan atau malam.",4
155,Aturan Pakai,"Pemakaian dilakukan pagi hari dan malam hari. Bersihkan muka dengan sabun cuci muka, kemudian oleskan merata ke seluruh bagian muka.",5
155,Perhatian,"Hindari olesan dekat mata, mulut, dan membran mukosa lain, hindari kontak langsung dengan sinar matahari.",6
155,Kontra Indikasi,Hindari pemakaian Glycore Krim jika mempunyai reaksi hipersensitivitas (alergi) terhadap asam glikolat.,7
155,Efek Samping,"Kemerahan, gatal, dan iritasi, khususnya di kulit yang sensitif.",8
155,Kemasan,Pot @ 10 Gram,9
155,Manufaktur,Genero Pharmaceutical,10
155,No. Registrasi,BPOM: NA18190105345,11
156,Product Description,Bedak MBK Putih merupakan bedak yang dapat digunakan untuk mengurangi bau keringat yang tidak enak untuk pria dan wanita.,1
156,Indikasi Umum,Untuk mengurangi bau keringat yang tidak enak.,2
156,Komposisi,"Tawas, Talk, Parfume.",3
156,Dosis,"Ambillah secukupnya, lalu gosokkan pada ketiak.",4
156,Aturan Pakai,Taburkan setiap habis mandi.,5
156,Kemasan,Box @ 12 Sachet,6
156,Manufaktur,Bahagia Idkho Mandiri,7
156,No. Registrasi,BPOM: NA18170900021,8
157,Product Description,"Kapas Kecantikan Selection digunakan untuk perawatan dan membersihkan kotoran wajah, digunakan untuk meratakan air pembersih dan cleansing milk, dapat digunakan sebagai puff, dapat juga digunakan untuk kulit bayi.",1
157,Indikasi Umum,"Untuk perawatan dan membersihkan kotoran wajah, lembut, sejuk dan tidak melukai kulit wajah. Digunakan meratakan air pembersih dan cleansing milk serta nyaman dipakai. Dapat digunakan sebagai puff, bersih dan higienis. Dpat dipakai pembersih luka, karena bebas bahan berbahaya (mercury).",2
157,Dosis,Sesuai kebutuhan.,3
157,Kemasan,Pouch @ 35 Gram,4
157,Manufaktur,Taruna kusuma Purinusa,5
157,No. Registrasi,Kemenkes RI: PKD10101910786,6
158,Product Description,"Kapas Selection Pembersih Wajah adalah kapas yang umumnya digunakan untuk membersihkan riasan, mengeksfoliasi wajah, menghidrasi wajah atau untuk mengaplikasikan toner.",1
158,Indikasi Umum,"Untuk perawatan dan membersihkan kotoran wajah, digunakan untuk meratakan air pembersih dan cleansing milk, dapat digunakan sebagai puff, dapat juga digunakan untuk kulit bayi.",2
158,Dosis,Sesuai kebutuhan.,3
158,Aturan Pakai,"Kapas di jepit dengan jari manis, tengah dan telunjuk, Tekstur kapas pada posisi horisontal. Kapas sebaiknya tidak dibelah karena akan meninggalkan serat kapas pada wajah. Kapas sebaiknya di simpan di tempat yang kering dan tidak berdebu.",4
158,Kemasan,Pack @ 50 Gram,5
158,Manufaktur,Taruna kusuma Purinusa,6
158,No. Registrasi,Kemenkes RI: PKD10101800669,7
159,Product Description,"Bedak Marcks Creme merupakan bedak tabur yang dapat digunakan untuk menyempurnakan make up wajah, bedak ini juga memiliki oil control yang baik sehingga ideal untuk setting powder.",1
159,Indikasi Umum,Mengontrol minyak berlebih di wajah. Mencegah timbulnya jerawat. Menyempurnakan tampilan makeup.,2
159,Komposisi,"Zinc stearate, Zinc oxide, salycil acid, titanium dioxide, fragrance, iron oxide.",3
159,Dosis,Digunakan sesuai kebutuhan.,4
159,Aturan Pakai,"Aplikasikan ke seluruh wajah, lalu ratakan.",5
159,Perhatian,Hentikan penggunaan jika terjadi reaksi alergi.,6
159,Kontra Indikasi,Penderita hipersensitif terhadap salah satu kandungan bedak tabur ini.,7
159,Kemasan,Pack @ 40 Gram,8
159,Manufaktur,Kimia Farma,9
159,No. Registrasi,BPOM RI : NA18130400263,10
160,Product Description,LACTACYD BABY LIQUID 60 ml merupakan sabun cair bayi yang mengandung Lactoserum dan Lactic acis dari ekstrak susu. Sabun cair ini digunakan untuk membersihkan dan merawat bayi serta menjaganya agar tetap bersih dan sehat.,1
160,Indikasi Umum,Merawat kulit yang terkena ruam popok.,2
160,Komposisi,"Aquademineralisata, ammonium triethanolamine sulfates, ethyleneglycol stearate, diethyleneglycol stearate, hydrogenated peanut oil, sodium hydroxide, lactoserum, ethylhydroxyethylcellulose, natural orange flavour, sodium methylhydroxybenzoate, lactic acid.",3
160,Dosis,Untuk memandikan bayi: encerkan 3-4 sendok penuh dalam wadah mandi.,4
160,Kemasan,"Dus, Botol @ 60 ml",5
160,Manufaktur,Aventis Pharma,6
160,No. Registrasi,BPOM: NA54161600099,7
161,Product Description,"Lactacyd All Day Care merupakan sabun kewanitaan yang mengandung Lactoserum dan Lactic acid dari ekstrak susu alami yang memiliki pH yang sesuai dengan pH alami area kewanitaan, sehingga menjaga pertumbuhan bakteri baik. Direkomendasikan dan aman digunakan setiap hari.",1
161,Indikasi Umum,Membersihkan area kewanitaan dengan lembut Melindungi area kewanitaan dari gatal dan iritasi.,2
161,Komposisi,"Purified Water, Sodium Laureth Sulfate, Whey Filtrate (Lactoserum), PEG-120 Methyl Glucose Dioleate/Tocopherol, Sodium Chloride, Cocamidopropyl Betaine, Disodium Laureth Sulfosuccinate, Sodium Benzoate, Phenoxyethanol, Perfume, Styrene-Acrylates Copolymer/Coco-Glucoside/ Benzoic Acid, Lactic Acid, Tetrasodium EDTA, Ethylhexylglycerin, Citric Acid.",3
161,Dosis,"Dapat digunakan beberapa kali sehari, terutama pada saat masa siklus menstruasi, setiap hari saat mandi pagi dan sore.",4
161,Aturan Pakai,"Tuangkan secukupnya ke telapak tangan dan bersihkan area kewanitaan Bilas hingga bersih Untuk hasil yang optimal, gunakan 2x sehari.",5
161,Perhatian,Kocok dahulu sebelum digunakan. Tidak boleh dipakai terlalu dalam mengenai organ kewanitaan Anda. jauhkan dari jangkauan anak-anak.,6
161,Kontra Indikasi,Hipersensitif.,7
161,Efek Samping,Iritasi Ringan.,8
161,Kemasan,Botol @ 60 ml,9
161,Manufaktur,Aventis Pharma,10
161,No. Registrasi,BPOM: NA54201600004,11
162,Product Description,Bedak Marcks (Pink) merupakan bedak tabur yang dapat mengontrol minyak di wajah sehingga hasil riasan wajah menjadi lebih bagus.,1
162,Indikasi Umum,Memberikan kesan matte atau tidak mengkilap pada wajah. Mengunci riasan wajah agar tampak sempurna dan tahan lama. Mengontrol minyak berlebih di kulit wajah.,2
162,Komposisi,"Bedak talkum, pati jagung, seng oksida, seng stearat, asam salisilat, dpengharum.",3
162,Dosis,Digunakan sesuai kebutuhan.,4
162,Aturan Pakai,"Buka tutup pot bedak Marcks. Ambil bedak tabur secukupnya ke tangan atau sponge bedak. Aplikasikan ke seluruh wajah, lalu ratakan.",5
162,Perhatian,Hentikan penggunaan jika terjadi reaksi alergi.,6
162,Kontra Indikasi,Penderita hipersensitif terhadap salah satu kandungan bedak tabur ini.,7
162,Kemasan,Pot @ 50 Gram,8
162,Manufaktur,Kimia Farma,9
162,No. Registrasi,BPOM: NA18130400261,10
163,Product Description,Bedak MBK Silver merupakan bedak yang dapat digunakan untuk mengurangi bau keringat yang tidak enak untuk pria dan wanita.,1
163,Indikasi Umum,Untuk mengurangi bau keringat yang tidak enak.,2
163,Komposisi,"Tawas, Talk, Parfume.",3
163,Dosis,"Ambillah secukupnya, lalu gosokkan pada ketiak.",4
163,Aturan Pakai,Taburkan setiap habis mandi.,5
163,Kemasan,Box @ 12 Sachet,6
163,Manufaktur,Bahagia Idkho Mandiri,7
163,No. Registrasi,BPOM: NA18170900021,8
164,Product Description,"Betadine Feminine Hygiene mengandung zat aktif Povidone Iodine, digunakan untuk mengatasi masalah kewanitaan seperti gatal, bau tidak sedap dan keputihan.",1
164,Indikasi Umum,"Membantu menjaga kebersihan kewanitaan, mencegah dan megobati bau, gatal yang berhubungan dengan kewanitaan yang disebabkan jamur dan kuman.",2
164,Komposisi,Povidone-iodine 10%.,3
164,Dosis,Untuk pengobatan gunakan 2 x sehari selama 5 hari berturut-turut.,4
164,Aturan Pakai,"Tuang Betadine Feminine Hygiene ke tutup botol. Larutkan 1 tutup botol (8 ml) dengan 1 Liter Air. Basuhkan pada area kewanitaan. Diamkan selama 1 menit, bilas dengan air bersih.",5
164,Perhatian,"Tidak dianjurkan penggunaan pada wanita yang menginginkan hamil, wanita sedang hamil dan menyusui kecuali atas petunjuk dokter. Jangan diberikan pada penderita yang hipersensitif terhadap kandungan Iodine.",6
164,Kontra Indikasi,"Hipersensitif terhadap iodine, hamil dan laktasi.",7
164,Efek Samping,Iritasi lokal dan sensitif (hentikan pemakaian).,8
164,Kemasan,Botol @ 60 ml,9
164,Manufaktur,Mahakam Beta Farma,10
164,No. Registrasi,BPOM: DTL1613711841B1,11
165,Product Description,#NAME?,1
165,Indikasi Umum,Menghindari gigitan nyamuk,2
165,Dosis,Sesuai kebutuhan,3
165,Aturan Pakai,"Oleskan pada daerah tubuh yang ingin dilindungin oleh gigitan nyamuk. Sebisa mungkin hindari bagian tubuh yang banyak menghasilkan keringat. Untuk penggunaan pada wajah, oleskan lotion ditangan dan ditepuk-tepuk pada bagian wajah yang ingin dilindungi\nPerhatian khusus\nApabila terkena mata atau muncul reaksi sensitif pada kulit, bilas dengan air. Simpan di tempat aman dan jauh dari jangkauan anak-anak. Tidak di rekomendasikan untuk anak dibawah enam tahun",4
165,Kontra Indikasi,Hipersensitif,5
165,Efek Samping,Reaksi alergi\nNomor Registrasi\n-,6
166,Product Description,"Ovale Facial Lotion Whitening Bengkoang mengandung Ekstrak Lidah Buaya, Ekstrak Bengkuang, dan Vitamin A & E yang berfungsi membantu merawat kelembutan dan mencerahkan kulit wajah.",1
166,Indikasi Umum,Membantu mencerahkan kulit wajah.,2
166,Komposisi,"Aqua, Alcohol Denat, Propylene Glycol, Pachyrrhizus Erosus Root Extract, Phenoxyethanol, Methylparaben, Ethylparaben, Benzophenone-4, PEG-40 Hydrogenated Castor Oil, Triisopropanolamine, Sodium Methylparaben, Polysorbate 20, PEG-20 Glyceryl Laurate, Tocopherol, Linoleic Acid, Retinyl Palmitate, Caprylic/Capric Triglyceride, Menthol, Fragrance, Aloe Barbadensis Leaf Extract.",3
166,Dosis,Gunakan sesuai kebutuhan.,4
166,Aturan Pakai,"Tuangkan ke kapas secukupnya, usapkan lembut ke wajah dan leher, tidak perlu dibilas.",5
166,Kemasan,Tube @ 60 ml,6
166,Manufaktur,PT. Kino Indonesia Tbk,7
167,Product Description,Natur E White Brightening Hand & Body Serum membantu menjaga kecantikan kulit agar tetap sehat dan cerah.,1
167,Indikasi Umum,Membantu membuat kulit tampak lebih cerah dan melembapkan kulit hingga 10 jam.,2
167,Komposisi,"Glutathione, vitamin E, olive fruit extract.",3
167,Dosis,Gunakan sesuai kebutuhan.,4
167,Aturan Pakai,"Oleskan ke tangan, kaki, atau bagian tubuh lain yang membutuhkan kelembaban dan perlindungan dari sinar matahari.",5
167,Kemasan,Tube @ 180 ml,6
167,Manufaktur,Darya Varia Laboratories,7
167,No. Registrasi,BPOM RI : NA18190105395,8
168,Product Description,"Betadine Obat Kumur Antiseptik mengandung zat aktif Povidone iodine, obat kumur ini digunakan untuk mengatasi masalah mulut seperti sakit tenggorokan, gusi bengkak, sariawan, bau mulut dan napas tidak segar.",1
168,Indikasi Umum,"Obat kumur antiseptik untuk rongga mulut seperti gusi bengkak, sakit tenggorokan, sariawan, bau mulut dan napas tak segar.",2
168,Komposisi,Povidone Iodine 1%.,3
168,Dosis,"Kumur selama 30 detik, lakukan 3-5 kali per hari, atau sesuai kebutuhan.",4
168,Aturan Pakai,Tuangkan Betadine obat kumur 15 ml pada tutup botol dan kumurlah selama 3060 detik.,5
168,Perhatian,Awas obat keras! Hanya untuk dikumur jangan ditelan.,6
168,Kontra Indikasi,"Hipersensitif terhadap Iodium, penderita penyakit thyroid, wanita hamil dan menyusui.",7
168,Efek Samping,"Iritasi idiosyncratic mucosal dan reaksi hipersensitif. Absorbsi berlebihan dapat menyebabkan efek samping sistemik seperti metabolik asidosis, gangguan fungsi renal dan hypernatremia.",8
168,Kemasan,Botol @ 190 ml,9
168,Manufaktur,Mahakam Beta Farma,10
168,No. Registrasi,BPOM: DTL7413700640B1,11
169,Product Description,LACTACYD BABY LIQUID 150 ml merupakan sabun cair bayi yang mengandung Lactoserum dan Lactic acis dari ekstrak susu. Sabun cair ini digunakan untuk membersihkan dan merawat bayi serta menjaganya agar tetap bersih dan sehat.,1
169,Indikasi Umum,Merawat kulit yang terkena ruam popok.,2
169,Komposisi,"Aquademineralisata, ammonium triethanolamine sulfates, ethyleneglycol stearate, diethyleneglycol stearate, hydrogenated peanut oil, sodium hydroxide, lactoserum, ethylhydroxyethylcellulose, natural orange flavour, sodium methylhydroxybenzoate, lactic acid.",3
169,Dosis,Untuk memandikan bayi: encerkan 3-4 sendok penuh dalam wadah mandi.,4
169,Kemasan,"Dus, Botol @ 150 ml",5
169,Manufaktur,Aventis Pharma,6
169,No. Registrasi,BPOM: NA54161600098,7
170,Product Description,Cotton Buds Zak Extra Fine Huki CI 0081 digunakan untuk membersihkan kotoran pada lubang telinga atau lubang hidung balita/bayi.,1
170,Indikasi Umum,Alat untuk membersihkan kotoran telinga,2
170,Dosis,Gunakan sesuai kebutuhan,3
170,Kemasan,Pack @ 100 Pcs,4
170,Manufaktur,Ikapharmindo,5
170,No. Registrasi,Kemenkes RI : PKD 10105320082,6
171,Product Description,Asepso Plus adalah sabun lembut yang dapat membantu menghilangkan kotoran dan membantu memeberikan perlindungan terhadap kuman dengan mudah dan lembut.,1
171,Indikasi Umum,"Mengurangi biang keringat, infeksi kulit, maupun penyebaran kuman-kuman berbahaya.",2
171,Komposisi,"Sodium palmate, sodium palm kernelate, aqua, peg-20, glycerin, parfum, palm oil ( elaeis guineensis), sodium chloride, chloroxylenol, thymol, Cl 21108, Cl l74260, Cl 77266, etindronic acid, tetrasodium EDTA.",3
171,Dosis,Sesuai kebutuhan.,4
171,Aturan Pakai,Gunakan seperti pada pemakaian sabun mandi biasa.,5
171,Efek Samping,Hentikan penggunaan sabun jika Anda mengalami iritasi pada kulit atau reaksi alergi setelah menggunakan sabun ini.,6
171,Kemasan,Bar @ 80 Gram,7
171,Manufaktur,PT Pan Pacific Development,8
171,No. Registrasi,BPOM: NA18140500276,9
172,Product Description,"Cetaphil Gentle Skin Cleanser merupakan pembersih wajah yang diformulasikan sebagai pengganti sabun untuk kulit kering, normal, kombinasi dan berjerawat. Produk ini memiliki kandungan propylene glycol yang bertujuan untuk membantu menjaga kelembapan kulitmu.",1
172,Indikasi Umum,"Mengatasi kulit berminyak tanpa menyebabkan kulit menjadi kering, membersihkan kotoran dan sisa make up dari wajah , melembabkan kulit wajah.",2
172,Komposisi,"Aqua, Cetyl Alcohol, Propylene Glycol, Butyl 4-Hydroxybenzoate, Methyl 4-Hydroxybenzoate, Propyl 4-Hydroxybenzoate, Sodium Lauryl Sulfate, Stearyl Alcohol.",3
172,Dosis,Sesuai kebutuhan.,4
172,Aturan Pakai,Petunjuk penggunaan tanpa air: Usapkan secukupnya dan gosok ke kulit dengan lembut. Bersihkan dengan kain lembut dan kulit akan terasa halus. Petunjuk penggunaan dengan air: Usapkan ke kulit lalu gosok dengan lembut. Bilas dengan air.,5
172,Kemasan,Botol @ 118 ml,6
172,Manufaktur,Galderma,7
172,No. Registrasi,BPOM: NE11160700635,8
173,Product Description,Yoona Day Pads adalah pembalut organik untuk mencegah dan menggurangi kondisi iritasi pada vagina aman dan tidak menyebabkan perubahan fisiologis pada vagina dan jaringan di sekitarnya mengurangi reaksi gatal dan terbakar pada vagina,1
173,Dosis,Sesuai Kebutuhan,2
173,Aturan Pakai,Seperti pembalut biasa,3
173,Perhatian,Baca petunjuk penggunaan pada kemasan,4
173,Efek Samping,Reaksi alergi,5
173,Kemasan,Box @ 10 Pads,6
173,Manufaktur,Yoona,7
173,No. Registrasi,KEMENKES RI : AKL11104220023,8
174,Product Description,Vio Acne Shield Patch Tea Tree Oil merupakan sticker karakter untuk mengempeskan jerawat,1
174,Indikasi Umum,Membantu mengempeskan jerawat,2
174,Komposisi,"Tea Tree Oil, Bha, Salicylic Acid",3
174,Dosis,Gunakan sesuai kebutuhan.,4
174,Aturan Pakai,Tempelkan Di Tempatkan Yang Berjerawat Semalaman,5
174,Kemasan,1 Pack,6
174,No. Registrasi,BPOM RI: NA18240103074,7
175,Product Description,"Charm Pembalut Safe Night\nNyaman, Nyenyak Sampai Pagi! Charm Safe Night panjang hingga bagian belakang. Menampung cairan hingga lapisan bawah selama 12 jam. 2x cegah bocor semalaman!\n- Pori Serap Aktif\nMenyerap & menampung cairan hingga lapisan bawah selama 12 Jam\nsehingga mencegah permukaan terasa basah\n- Liquid Seal Body Fit\nGaris penahan cairan yang sesuai lekuk tubuh. Meski berguling, pembalut tetap pas di badan\n- Permukaan Lembut di Kulit",1
175,Indikasi Umum,#NAME?,2
175,Dosis,Sesuai kebutuhan,3
175,Aturan Pakai,Seperti pembalut biasa,4
175,Perhatian,Hanya untuk pemakaian luar. Sebaiknya ganti pembalut secara teratur. Hentikan pemakaian jika terjadi reaksi alergi.,5
175,Efek Samping,Reaksi alergi,6
175,Kemasan,Pack @ 9 Pads,7
175,Manufaktur,"Uni-Charm Indonesia, Pt",8
175,No. Registrasi,KEMENKES RI: AKD 11104021914,9
176,Product Description,Bedak tabur yang cocok untuk semua jenis kulit. Mengandung formula untuk menyempurnakan penampilan kulit wajah menjadi tampak halus dan cantik alami Pilihlah bedak Marcks? Active yang sesuai dengan warna kulit & wujudkan impian anda memiliki kulit wajah yang sehat indah berseri dan pancarkan pesona kecantikan alami sepanjang hari.,1
176,Indikasi Umum,"Melindungi kulit dari pengaruh buruk sinar matahari dan radikal bebas, Menjaga kelembaban alami kulit, Memberikan aroma yang menyegarkan (Refreshing), serta memberi covering yang sempurna dan tahan lama.",2
176,Dosis,Digunakan sesuai kebutuhan.,3
176,Aturan Pakai,Aplikasikan langsung ke seluruh bagian wajah secara merata,4
176,Kemasan,Pack @ 20 Gram,5
176,Manufaktur,Kimia Farma,6
176,No. Registrasi,BPOM RI : NA18140400424,7
177,Product Description,"Glyco Moist 10% adalah krim topikal dengan asam glikolat 10% dan air mawar, berfungsi untuk mengeksfoliasi kulit, membantu menyamarkan noda hitam, serta melembapkan wajah.",1
177,Indikasi Umum,Menyamarkan noda hitam dan flek (hiperpigmentasi). Menghaluskan tekstur kulit. Melembapkan dan memberikan efek glowing?,2
177,Komposisi,"Aqua, Glycolic Acid 10?%, Rose Water, emolien & emulgator lainnya",3
177,Dosis,Gunakan pagi dan malam hari,4
177,Aturan Pakai,Oles tipis merata pada wajah yang telah dibersihkan,5
177,Perhatian,"Hindari kontak dengan mata, bibir, dan area mukosa lain?",6
177,Kontra Indikasi,Hipersensitivitas terhadap asam glikolat atau komponen lainnya,7
177,Kemasan,Jar @ 12 Gram,8
177,Manufaktur,"Proline Innovation Indonesia, Pt",9
177,No. Registrasi,BPOM RI : NA18230117292,10
178,Product Description,My Baby Powder Telon Plus  merupakan bedak bayi dengan kombinasi aroma telon dan citronella yang lembut telah teruji klinis dengan formula yang lembut di kulit bayi,1
178,Indikasi Umum,Membantu melembutkan dan menenangkan kulit si kecil. Hadir dengan aroma telon citronella yang mampu menghangatkan kulit anak anda setelah selesai mandi.,2
178,Dosis,Gunakan sesuai kebutuhan.,3
178,Aturan Pakai,Taburkan bedak secukupnya pada telapak tangan. Usapkan pada seluruh tubuh bayi dengan lembut.,4
178,Kemasan,1 Botol @ 125 Gram,5
178,Manufaktur,Tempo Natural Products,6
179,Product Description,"Kanna Cream merupakan krim lembut yang digunakan untuk melembabkan tumit yang kering, serta dapat menghaluskan kembali tumit yang kasar dan pecah-pecah.",1
179,Indikasi Umum,"Untuk kulit kering, kasar dan pecah-pecah.",2
179,Komposisi,"Lesitin, petrolatum, cetearil alkohol, ceteareth-33, PEG 100, stearate gliseril stearat, natrium bikarbonat, propylene glycol, metil paraben, propyl paraben, air, parfum.",3
179,Dosis,"Sesuai kebutuhan, gunakan sesering mungkin agar kelembutan tetap terjaga.",4
179,Aturan Pakai,"Bersihkan dan keringkan kulit tumit, oleskan kanna secara merata dan diamkan selama beberapa menit.",5
179,Kemasan,Tube @ 30 Gram,6
179,Manufaktur,Gloria Origita,7
179,No. Registrasi,BPOM: NA18120101396,8
180,Product Description,"Betadine Sabun Antiseptik merupakan sabun cair antiseptik dengan kandungan Povidon iodine 7.5%. Produk ini digunakan untuk mengatasi masalah pada kulit seperti jerawat dan gatal-gatal, disinfeksi tangan sebelum operasi, dan menjaga kesehatan kulit.",1
180,Indikasi Umum,Membersihkan kulit & membunuh kuman penyebab penyakit.,2
180,Komposisi,Povidone Iodine 7.5%.,3
180,Dosis,Sesuai kebutuhan.,4
180,Aturan Pakai,Gunakan Betadine sabun cair antiseptik seperti anda menggunakan sabun mandi biasa.,5
180,Perhatian,Hanya untuk pemakaian luar.,6
180,Efek Samping,Reaksi hipersensitif terhadap iodium.,7
180,Kemasan,Botol @ 100 ml,8
180,Manufaktur,Mahakam Beta Farma,9
180,No. Registrasi,Kemenkes RI: PKD20501710172,10
181,Product Description,"Noroid Lotion merupakan pelembab yang digunakan pada seluruh tubuh termasuk wajah yang berfungsi untuk memperbaiki fungsi barier kulit pada dermatitis atopik (ruam, merah, bengkak, dan gatal), kulit kering, dan sensitif. Krim ini dapat digunakan setiap hari sesuai kebutuhan setelah membersihkan wajah dan tubuh.",1
181,Indikasi Umum,Pelembab untuk kulit kering. Membantu melembutkan dan menjaga elastisitas kulit.,2
181,Dosis,Gunakan beberapa kali per hari pada bagian yang membutuhkan.,3
181,Aturan Pakai,Dapat digunakan di seluruh tubuh termasuk wajah. Gunakan setelah mandi atau setelah wajah dibersihkan dan setelah perawatan UV.,4
181,Perhatian,"Hentikan penggunaan jika terjadi iritasi, bintik-bintik, merah, bengkak, gatal atau bengkak selama penggunaan.",5
181,Efek Samping,Reaksi alergi dan reaksi hipersensitivitas.,6
181,Kemasan,Tube @ 200 ml,7
181,Manufaktur,Soho Industri Pharmasi,8
181,No. Registrasi,BPOM: NA26180110523,9
182,Product Description,Instance Hand Sanitizer Spray merupakan spray antiseptik yang mengandung Alkohol 75% yang diketahui efektif membunuh kuman dalam 30 detik setelah diaplikasikan. Produk ini dapat digunakan untuk membersihkan tangan dari kuman tanpa bilas.,1
182,Indikasi Umum,Antiseptik untuk membunuh kuman tanpa bilas.,2
182,Komposisi,Alkohol 75%.,3
182,Dosis,Sesuai kebutuhan.,4
182,Aturan Pakai,"Semprotkan hand sanitizer pada telapak tangan, ratakan sampai ke sela jari, punggung tangan, telapak tangan, dan ujung jari, gosok hingga kering. Gunakan sebelum: menyiapkan atau memakan makanan, setelah menggunakan kamar kecil, setelah batuk atau bersin, setelah menyentuh permukaan rumah sakit seperti rel tempat tidur, meja samping tempat tidur, gagang pintu, remote control, atau telepon, serta setelah menyentuh hewan peliharaan.",5
182,Kemasan,Botol @ 100 ml,6
182,Manufaktur,Kino Indonesia,7
183,Product Description,"Asepso (Sulphur) merupakan sabun antiseptik dengan kandungan Sulfur & Salicylic Acid yang membantu membuka pori-pori kulit, membantu menghilangkan minyak berlebih dan membantu membersihkan kulit.",1
183,Indikasi Umum,"Mengurangi biang keringat, infeksi kulit, maupun penyebaran kuman-kuman berbahaya.",2
183,Dosis,Sesuai kebutuhan.,3
183,Aturan Pakai,Gunakan seperti pada pemakaian sabun mandi biasa.,4
183,Efek Samping,Hentikan penggunaan sabun jika Anda mengalami iritasi pada kulit atau reaksi alergi setelah menggunakan sabun ini.,5
183,Kemasan,Bar @ 80 Gram,6
183,Manufaktur,PT Pan Pacific Development,7
183,No. Registrasi,BPOM: NA18140500281,8
184,Product Description,Selsun Yellow Double Impact merupakan sampo yang mengandung Selenium Sulfide dan Zinc PtO. Kandungan selenium sulfide telah terbukti lebih efektif jika dibandingkan dengan anti ketombe lainnya seperti Zinc dan Coal Tar sebagai bahan aktif tunggal dalam menghilangkan dan mencegah ketombe.,1
184,Indikasi Umum,Menghilangkan ketombe tingkat sedang sampai dengan berat dan sekaligus menghilangkan gatal-gatal karena ketombe dikulit kepala.,2
184,Komposisi,Selenium Sulfide dan Zinc PtO.,3
184,Dosis,"Keramaskan Selsun pada rambut dan kulit kepala dengan merata, biarkan 2-3 menit untuk mendapatkan hasil maksimal. Gunakan 2 kali seminggu secara teratur sampai ketombe hilang.",4
184,Aturan Pakai,"Untuk keramas, dibiarkan 2-3 menit saat pemakaian untuk mendapatkan hasil yang maksimal.",5
184,Perhatian,Kocok dahulu sebelum digunakan. Hindari kontak dengan mata dan kulit yang luka.,6
184,Kemasan,Tube @ 50 ml,7
184,Manufaktur,Rohto Laboratories Indonesia,8
184,No. Registrasi,BPOM: NA18211001813,9
185,Product Description,"Selection Kapas Kecantikan merupakan kapas untuk perawatan dan membersihkan kotoran wajah, dapat digunakan untuk meratakan air pembersih dan cleansing milk",1
185,Indikasi Umum,"Membersihkan riasan, mengeksfoliasi wajah, menghidrasi wajah atau untuk mengaplikasikan toner.",2
185,Komposisi,Cotton 100% tanpa bahan pemutih,3
185,Dosis,Gunakan sesuai Kebutuhan,4
185,Aturan Pakai,"Kapas di jepit dengan jari manis, tengah dan telunjuk, Tekstur kapas pada posisi horisontal. Kapas sebaiknya TIDAK dibelah karena akan meninggalkan serat kapas pada wajah. Kapas sebaiknya di simpan di tempat yang kering dan tidak berdebu.",5
185,Kemasan,Pcs @ 75 Gram,6
185,Manufaktur,"Tarunakusuma Purinusa, Pt",7
185,No. Registrasi,KEMENKES RI: PKD 10101910786,8
186,Product Description,Yoona Night Pads pembalut organik untuk mencegah dan menggurangi kondisi iritasi pada vagina Aman dan tidak menyebabkan perubahan fisiologis pada vagina dan jaringan di sekitarnya mengurangi reaksi gatal dan terbakar pada vagina,1
186,Dosis,Sesuai Kebutuhan,2
186,Aturan Pakai,Seperti pembalut biasa,3
186,Perhatian,Baca petunjuk penggunaan pada kemasan,4
186,Efek Samping,Reaksi alergi,5
186,Kemasan,Box @ 8 Pads,6
186,Manufaktur,Yoona,7
186,No. Registrasi,KEMENKES RI : AKL11104220024,8
187,Product Description,Marina hand & body lotion natural nutri fresh double nutrient action & more than just vitamin E.,1
187,Aturan Pakai,Usapkan ke seluruh tubuh secara teratur setelah mandi dan setiap saat diperlukan.,2
187,Kemasan,Botol @ 190 ml,3
188,Product Description,Cotton Buds Zak Huki (CI 0010) berfungsi untuk membersihkan bagian telinga dan rongga telinga yang di desain dengan bentuk kapas yang kecil.,1
188,Aturan Pakai,Dimasukan ke dalam rongga telinga dengan perlahan-lahan tidak terlalu dalam sembari diputar-putar.,2
188,Kemasan,Pack @ 100 Pcs,3
188,Manufaktur,PT. Ikapharmindo Putramas,4
189,Product Description,Antis Jasmine Tea Spray merupakan cairan antiseptik pembersih tangan yang mengandung alkohol 70% dengan aroma jasmine tea dan tidak lengket di kulit. Pembersih tangan ini digunakan agar terhindar dari kuman penyebab penyakit.,1
189,Indikasi Umum,Digunakan agar terhindar dari kuman penyebab penyakit.,2
189,Dosis,Gunakan sesuai kebutuhan.,3
189,Aturan Pakai,"Tuangkan 0,8ml Antis pada tangan atau bagian tubuh lainnya, lalu usap hingga merata dan kering.",4
189,Kemasan,Botol @ 55 ml,5
189,Manufaktur,Enesis Group,6
190,Product Description,Nivea Lip Care Lip Balm Strawberry Shine memberikan perlindungan tahan lama terhadap bibir kering. Formula pelembab dengan aroma buah strawberry serta warna merah dan gloss berkilau untuk perawatan bibirmu. Kandungan minyak jojoba dan avocado membuat bibir tampak cantik dan sehat seharian,1
190,Indikasi Umum,Melembapkan bibir dan memberi kesan glossy dengan aroma strawberry,2
190,Komposisi,"Minyak alpukat, Minyak jojoba & Hydra IQ",3
190,Aturan Pakai,Oleskan secara rata pada bibir. Gunakan kembali setelah 6-8 jam.,4
190,Kemasan,1 Pcs,5
190,Manufaktur,"BEIERSDORF INDONESIA, PT",6
190,No. Registrasi,BPOM RI : NA49211300011,7
191,Product Description,"Betadine Obat Kumur Antiseptik mengandung zat aktif Povidone iodine, obat kumur ini digunakan untuk mengatasi masalah mulut seperti sakit tenggorokan, gusi bengkak, sariawan, bau mulut dan napas tidak segar.",1
191,Indikasi Umum,"Obat kumur antiseptik untuk rongga mulut seperti gigi berlubang, gusi bengkak, sakit tenggorokan, sariawan, bau mulut dan nafas tak segar.",2
191,Komposisi,Povidone Iodine 1 %.,3
191,Dosis,"1 Cup (15 ml) untuk berkumur selama 30 detik. Dilakukan 3-5 kali per hari, atau sesuai kebutuhan.",4
191,Aturan Pakai,Tuangkan Betadine obat kumur 15 ml pada tutup botol dan kumurlah selama 30-60 detik.,5
191,Perhatian,Awas obat keras! Hanya untuk dikumur jangan ditelan.,6
191,Kontra Indikasi,"Hipersensitif terhadap Iodium, penderita penyakit thyroid, wanita hamil dan menyusui.",7
191,Efek Samping,Iritasi jika absorbsi berlebihan bisa mengganggu sistemik.,8
191,Kemasan,Botol @ 100 ml,9
191,Manufaktur,Mahakam Beta Farma,10
191,No. Registrasi,BPOM: DTL7413700640B1,11
192,Product Description,Yoona Night Pads pembalut organik untuk mencegah dan menggurangi kondisi iritasi pada vagina Aman dan tidak menyebabkan perubahan fisiologis pada vagina dan jaringan di sekitarnya mengurangi reaksi gatal dan terbakar pada vagina,1
192,Dosis,Sesuai Kebutuhan,2
192,Aturan Pakai,Seperti pembalut biasa,3
192,Perhatian,Baca petunjuk penggunaan pada kemasan,4
192,Efek Samping,Reaksi alergi,5
192,Kemasan,Box @ 6 Pads,6
192,Manufaktur,Yoona,7
192,No. Registrasi,KEMENKES RI : AKL11104220197,8
193,Product Description,"Sensodyne Repair & Protect Extra Fresh adalah pasta gigi yang hadir dengan teknologi Novamin, yang dapat membentuk lapisan mineral gigi hingga 1.5x lebih kuat dari lapisan alami dentin untuk melindungi gigi sensitif dengan memberikan kesegaran mulut yang lebih. Meredakan rasa ngilu akibat gigi sensitif. Memberikan perlindungan terhadap sensitivitas yang tahan lama. Memberikan perlindungan pada gigi berlubang. Meningkatkan kesegaran yang lebih lama.",1
193,Indikasi Umum,Membentuk lapisan mineral gigi hingga 1.5x lebih kuat dari lapisan alami dentin untuk melindungi gigi sensitif.,2
193,Komposisi,Glycerin PEF8 Hydrated Silica Calcium Sodium Phophosilicate Novamin Cocamydopropyl Betaine Sodium Methyl Cocoyl Taurate Titanium Dioxide Flavour Carbomer Sodium Fluoride Sodium Saccharin Limonene Contains Sodium Fluoride.,3
193,Dosis,Digunakan sesuai kebutuhan.,4
193,Aturan Pakai,"Gosok gigi 2 kali sehari, pagi dan sebelum tidur.",5
193,Kemasan,Tube @ 100 Gram,6
193,Manufaktur,GlaxoSmithKline Indonesia,7
193,No. Registrasi,BPOM: NA11181400047,8
194,Product Description,Cotton Ball Medisoft (Biru) merupakan kapas yang lembut dan aman yang digunakan untuk perawatan pada bayi dan luka. Untuk membersihkan bagian tubuh bayi.,1
194,Indikasi Umum,Untuk membersihkan bagian tubuh bayi. Karena lebih lembut dan higienis sehingga tidak menimbulkan iritasi pada kulit bayi.,2
194,Komposisi,100% cotton.,3
194,Dosis,Sesuai kebutuhan.,4
194,Aturan Pakai,Terapkan pada daerah yang ingin dibersihkan.,5
194,Perhatian,Simpan di tempat yang sejuk.,6
194,Kemasan,Pack @ 120 Pcs,7
194,Manufaktur,Taruna kusuma Purinusa,8
194,No. Registrasi,Kemenkes RI: PKD10106810039,9
195,Product Description,"Bio Oil merupakan produk perawatan kulit yang diformukasikan untuk membantu menyamarkan bekas luka, stretch marks dan warna kulit yang tidak merata. BIO OIL mengandung PurCellin Oil yang efektif untuk penuaan kulit dan kulit kering.",1
195,Indikasi Umum,"Perawatan kulit untuk bekas luka, peregangan kulit, warna kulit yang tidak merata, penuaan kulit, kulit kering.",2
195,Komposisi,"Water,Sodium Laureth Sulfate,Sodium Lauryl Sulfate,Sodium Chloride,Dimethicone,Glycol Distearate,Cocamidopropyl Betaine,Sodium Citrate,Cocamide MEA,Sodium Xylenesulfate,Fragarance,Citric Acid,Sodium,Sodium Benzoate,Tetrasodium EDTA,Ammonium Laureth Sulfat.",3
195,Dosis,"Oleskan 2 kali sehari selama minimal 3 bulan, selama ke hamilan oleskan 2 kali sehari mulai dari awal tri semester ke dua.",4
195,Aturan Pakai,Oleskan pada kulit.,5
195,Perhatian,"Hanya untuk penggunaan luar, jangan digunakan pada kulit yang luka, jika terjadi iritasi pada kulit hentikan pemakaiannya.",6
195,Kemasan,Botol @ 25 ml,7
195,Manufaktur,Radiant Sentral Nutrindo,8
195,No. Registrasi,BPOM: ND53180105000,9
196,Product Description,"Breast Pads Mama Pad Flower Shape merupakan produk bantalan payudara yang digunakan untuk penyerap ASI yang cocok digunakan untuk kenyamanan ibu menyusui, sehingga ASI tidak membasahi pakaian maupun permukaan payudara.",1
196,Indikasi Umum,Penyerap ASI untuk ibu menyusui.,2
196,Aturan Pakai,"Buka kemasan, lepas bagian perekatnya, pasang breast pad setelah memakai bra dengan posisi perekat di atas dan di bawah.",3
196,Perhatian,Ganti setiap 2-3 jam sekali.,4
196,Kemasan,Pack Isi 24 Pads,5
196,Manufaktur,Dacco,6
196,No. Registrasi,Kemenkes RI: PKD10404810649,7
197,Product Description,"Magic Power Hitam merupakan tissue herbal antiseptik yang dapat digunakan untuk membersihkan, mencegah bakteri, meningkatkan kekuatan dalam berhubungan, serta mencegah ejakulasi dini.",1
197,Indikasi Umum,"Membersihkan, mencegah bakteri, meningkatkan kekuatan dalam berhubungan, serta mencegah ejakulasi dini.",2
197,Aturan Pakai,"Usapkan tissue magic power pada alat vital anda dengan rata, diamkan selama 3-5 menit. Sebelum berhubungan cuci alat vital dengan sabun dan bilas dengan air hangat.",3
197,Kemasan,Box @ 6 Lembar,4
197,Manufaktur,Dua Lima Industries,5
197,No. Registrasi,Kemenkes RI : PKD 20501800032,6
198,Product Description,"White-Neng Cream adalah krim yang diperkaya dengan Alpha-Arbutin, Vitamin C, Ekstrak Mulberry, Ekstrak Licorice dan Niacinamide (Vitamin B3) yang dapat membantu mengurangi kekusaman, membantu menyamarkan noda-noda hitam dan mencerahan kulit, serta Ekstrak Aloe Vera yang dapat membantu melembabkan kulit.",1
198,Indikasi Umum,"Membantu mengurangi kekusaman, membantu menyamarkan noda-noda hitam, mencerahkan kulit, serta dapat membantu melembabkan kulit.",2
198,Komposisi,"Alpha-Arbutin, Vitamin C, Ekstrak Mulberry, Ekstrak Licorice, Niacinamide (Vitamin B3).",3
198,Dosis,"Oleskan pada permukaan kulit terutama pada bintik-bintik hitam atau noda hitam, dua kali sehari pada pagi dan malam hari setelah kulit dibersihkan dengan krim/lotion pembersih. Hindari daerah sekitar mata. Pijat secara lembut sampai krim terserap sepenuhnya ke dalam kulit. Tunggu selama 10 menit sebelum menggunakan kosmetik. Pada waktu siang hari gunakan krim tabir surya pada wajah terlebih dahulu untuk mendapatkan hasil yang optimal.",4
198,Aturan Pakai,Oleskan secara merata dan tipis-tipis.,5
198,Kemasan,Tube @ 10 Gram,6
198,Manufaktur,Medikon Prima,7
198,No. Registrasi,BPOM: NA18191906325,8
199,Product Description,"Deskripsi Pure Baby Liquid Cleanser Adalah Cairan Pembersih Yang Aman Dan Efektif Membersihkan Secara Maksimal Perlengkapan Bayi Seperti : Botol Susu, Dot, Perlengkapan Makan Dan Mainan Bayi.  Mencuci Tanpa Merusak Plastik, Menggunakan Bahan-Bahan Yang Aman Untuk Bayi, Mudah Dibilas, Membantu Menetralkan Bau Tidak Sedap Dan Menghilangkan Sisa-Sisa Susu Maupun Lemak Yang Terdapat Dalam Botol Susu Juga Perlengkapan Makan.   Dapat Digunakan Untuk Mencuci Buah Dan Sayuran Agar Tampak Lebih Segar Dan Bebas Dari Prestisida Juga Lembut Di Tangan.   Keunggulan Produk Pure Baby Liquid Cleanser : 1. Food Grade Formula 2. Safe For Babies 3. Anti Bacterial With Natural-Based Ingredients 4. Microbiology Tested5. Tanpa Sls / Sodium Lauryl Sulfate Penyebab  5. Gangguan Sistem Imune Khususnya Yang Berhubungan Denga Kulit. 6. Dapat Membunuh Kuman, Bakteri Dan Jamur.",1
200,Product Description,"Acnol Lotion mengandung zat aktif Allantoin, camphor, sulphur, m-dihydroxybenzene, trichlorohydroxydiphenylether. Obat ini digunakan untuk mengurangi minyak yang berlebih, serta membantu melawan bakteri penyebab jerawat.",1
200,Indikasi Umum,Anti acne.,2
200,Komposisi,"Allantoin 0.20%, camphor 0.50%, sulphur 8%, m-dihydroxybenzene 2%, trichlorohydroxydiphenylether 0.10%.",3
200,Dosis,Sesuai kebutuhan.,4
200,Aturan Pakai,Oleskan pada kulit yang berjerawat.,5
200,Perhatian,Hanya untuk pemakaian luar.,6
200,Kontra Indikasi,Hipersensitif.,7
200,Efek Samping,Reaksi alergi.,8
200,Kemasan,Botol @ 10 ml,9
200,Manufaktur,John Francis Laboratories,10
200,No. Registrasi,BPOM: NA18180105389,11
